Subject,Semantic_Similarity_mean,Semantic_Similarity_std,Frequency_Value_mean,Frequency_Value_std,#_of_Items
547183,0.3744828889040967,0.23871583973163982,6.969663006426818,1.449131509553047,23
610108,0.46476146410389074,0.2949537275782436,6.973542132856668,1.0480037997977072,22
787646,0.33876657734663734,0.19188188818629737,6.955933262846787,0.9407899019543802,25
898793,0.36838284312914676,0.2433885642711325,6.947369100651031,1.1892703085627203,19
920371,0.3263921992306074,0.19880370822085514,6.832981259551313,1.3809745361242962,18
