Subject,Semantic_Similarity_mean,Semantic_Similarity_std,Frequency_Value_mean,Frequency_Value_std,#_of_Items
4144,0.3918025021417565,0.18162568729469603,6.32901373989611,1.1367641917410582,34
395439,0.3066441458263504,0.1176570417788567,6.931383489505424,0.56198288549673,25
538590,0.3280286527989991,0.15767828802982015,6.720288579520682,0.9256841237782041,27
910517,0.3199262853195727,0.19675895408764255,6.641201325049606,0.6488689992496041,39
