Subject,Semantic_Similarity_mean,Semantic_Similarity_std,Frequency_Value_mean,Frequency_Value_std,#_of_Items
4144,0.38549726819559804,0.07700040210953464,7.49156393817852,0.44166611387404076,27
395439,0.34865890492288265,0.14232792982956807,7.319102014687998,0.6063881902395934,43
538590,0.27747019308245274,0.11589563198191881,8.180027082436947,0.11785781746600352,8
910517,0.34795603010317605,0.09464896861944,7.321477941047257,0.5710468803834784,51
929641,0.3520890038800755,0.13238153392518248,7.410136465636957,0.5596171558371037,49
