Subject,Semantic_Similarity_mean,Semantic_Similarity_std,Frequency_Value_mean,Frequency_Value_std,#_of_Items
61035836646fb6ee2152f950,0.30871062833145246,0.04130987207326257,6.188845940872025,0.5650983589330345,10
65512e3cc12f463bc327b7c3,0.3088881607487177,0.07185658108820672,6.266080985625577,0.7570812636842389,12
65778c02cde55736bb830eca,0.3480942431532926,0.22856225984015566,6.400533979240653,0.5053129517147854,12
6595e3b4dc9090390e4edb5f,0.40820588066710767,0.25709149671171244,6.199628825110488,0.39211994749416546,15
