Subject,Semantic_Similarity_mean,Semantic_Similarity_std,Frequency_Value_mean,Frequency_Value_std,#_of_Items
61035836646fb6ee2152f950,0.2734435900849092,0.11383579180601097,7.368906140308277,0.6513227697414065,15
65512e3cc12f463bc327b7c3,0.22272220510107085,0.12035976322627415,7.375475757269066,0.8152988991576149,12
65778c02cde55736bb830eca,0.2754225512145507,0.14342386587829384,7.5195948406955635,0.8057132741006302,21
6595e3b4dc9090390e4edb5f,0.2704512205751867,0.1392089119434939,7.247509928673629,0.7920147308185721,15
