Subject,Semantic_Similarity_mean,Semantic_Similarity_std,Frequency_Value_mean,Frequency_Value_std,#_of_Items
547183,0.3252109872922837,0.2011549397091043,6.63887318119984,0.46331567973874593,17
610108,0.3850664510128233,0.20835500540929877,6.428350186398727,0.4400245181806537,18
787646,0.37451751676066275,0.16143301702777224,6.5604955443174235,0.49725511537233075,14
898793,0.39901748145542765,0.22762063670275567,6.404590757476458,0.7759215762353245,20
920371,0.2813399690609429,0.15595703938379987,6.484933520686924,0.39154106945914047,8
