Subject,Semantic_Similarity_mean,Semantic_Similarity_std,Frequency_Value_mean,Frequency_Value_std,#_of_Items
61035836646fb6ee2152f950,0.20338557798338733,0.07005657182232083,5.752852708650935,1.324862545793678,8
65512e3cc12f463bc327b7c3,0.17974119066809946,0.0657549278844611,5.199434967801109,1.2266726774792913,4
65778c02cde55736bb830eca,0.6626864543459864,0.47703339103606224,5.328674490022159,1.1498018018835472,3
6595e3b4dc9090390e4edb5f,0.4315794491820076,0.3281001600596547,5.3674161035196075,1.4146936849569727,10
