Subject,Semantic_Similarity_mean,Semantic_Similarity_std,Frequency_Value_mean,Frequency_Value_std,#_of_Items
547183,0.3321714066109741,0.1079586980102496,5.9554719909722715,1.1672676508078634,9
610108,0.3619323993839655,0.2619480444309526,6.9444613073421575,0.9098334379729851,14
787646,0.3559460281981249,0.09996332157093862,6.519656697058032,1.242725812022372,10
898793,0.32443812959530527,0.20730201227241016,6.5169075078239205,0.7586149271172008,42
920371,0.3287499520517617,0.20506116920722198,6.355967545092396,1.3339681745385816,8
