Subject,Semantic_Similarity_mean,Semantic_Similarity_std,Frequency_Value_mean,Frequency_Value_std,#_of_Items
61035836646fb6ee2152f950,0.3137098756394019,0.19192962512147646,6.1218275499411,1.1853074939243686,17
65512e3cc12f463bc327b7c3,0.39934169963767036,0.232159707221536,6.663197378202781,1.3252090538361145,13
65778c02cde55736bb830eca,0.28262481756488933,0.07789437546374682,6.393134494475511,1.1316071378951953,19
6595e3b4dc9090390e4edb5f,0.3036607419807659,0.1601445043568076,6.297426156642148,1.4646790691793559,25
