Subject,Semantic_Similarity_mean,Semantic_Similarity_std,Frequency_Value_mean,Frequency_Value_std,#_of_Items
61035836646fb6ee2152f950,0.35841327544024915,0.1579353827094255,7.518405755406888,0.4737406561924277,23
65512e3cc12f463bc327b7c3,0.363148766801642,0.1024961787341466,7.477735197565565,0.653412054819986,22
65778c02cde55736bb830eca,0.3128825792799601,0.08016909296651871,7.355414094616878,0.7175124893582681,27
6595e3b4dc9090390e4edb5f,0.3362940294697139,0.08233960549116398,7.599741314611021,0.41805359706522444,33
