Subject,Semantic_Similarity_mean,Semantic_Similarity_std,Frequency_Value_mean,Frequency_Value_std,#_of_Items
61035836646fb6ee2152f950,0.412811961414311,0.18857374212460123,6.720925871498109,0.921346619214836,17
65512e3cc12f463bc327b7c3,0.36639134605604523,0.05242944620874447,6.649556635601959,1.0062485331955584,7
65778c02cde55736bb830eca,0.31406359082265545,0.10184940530353548,6.480256545064625,1.1044396377234158,25
6595e3b4dc9090390e4edb5f,0.35407804426698414,0.0919309580169093,6.645974293310368,1.0909687269657402,19
