Subject,Semantic_Similarity_mean,Semantic_Similarity_std,Frequency_Value_mean,Frequency_Value_std,#_of_Items
61035836646fb6ee2152f950,0.270752898260857,0.06315047156133768,6.464196160872761,0.7848902408857154,8
65512e3cc12f463bc327b7c3,0.2975147616930398,0.09642812383860996,6.378686630946822,0.6578498956471436,15
65778c02cde55736bb830eca,0.3453013935715273,0.18942642057018025,6.797235108833056,0.6079528047066374,7
6595e3b4dc9090390e4edb5f,0.3298399192502192,0.16103383235406016,5.971765597067109,0.8898645879648547,13
