Subject,Semantic_Similarity_mean,Semantic_Similarity_std,Frequency_Value_mean,Frequency_Value_std,#_of_Items
4144,0.3983624310583288,0.25888969020126856,6.527931756967426,1.2483498581792072,20
395439,0.274335868020037,0.15934242368506296,6.685544935205956,1.295276845248537,14
538590,0.33489370971262267,0.12930120654590857,7.244334729400134,0.944939999528326,38
910517,0.30389782950304145,0.19851846551198368,6.797843006591209,1.1947609970601993,24
929641,0.4095065767242851,0.2998579299672474,6.834173675187671,1.075881666902604,28
