Subject,Semantic_Similarity_mean,Semantic_Similarity_std,Frequency_Value_mean,Frequency_Value_std,#_of_Items
61035836646fb6ee2152f950,0.348598184349423,0.12775276143918526,6.501504721104334,0.8202967722770339,23
65512e3cc12f463bc327b7c3,0.3219202429240082,0.08070791711485864,6.690027072119749,0.9628783807425078,20
65778c02cde55736bb830eca,0.3065425269358723,0.18466674216360363,6.417879319854956,0.7133177377206987,23
6595e3b4dc9090390e4edb5f,0.31037452036612645,0.14970112225869148,6.45645838441846,1.1015067108943744,35
