Subject,Semantic_Similarity_mean,Semantic_Similarity_std,Frequency_Value_mean,Frequency_Value_std,#_of_Items
547183,0.3005509501903783,0.23999341710733238,6.411716725836841,1.143705876906892,12
610108,0.3235259992988221,0.28332734844536944,6.450120606270823,0.8521779317003552,38
787646,0.18669454480992514,0.07895390609652558,6.425472956987348,0.9860305245041002,21
898793,0.23477643309106533,0.14098614156784706,6.099471355711292,1.8545705756742468,13
920371,0.3459196101139904,0.28398670133595144,6.23410478682368,1.2297644821553346,20
