Subject,Semantic_Similarity_mean,Semantic_Similarity_std,Frequency_Value_mean,Frequency_Value_std,#_of_Items
61035836646fb6ee2152f950,0.30270715565180545,0.04255539741691211,5.769401144394309,0.567694982241214,7
65512e3cc12f463bc327b7c3,0.26611921395690114,0.03662310614162094,5.781620157354709,0.8625196230642324,6
65778c02cde55736bb830eca,0.29855497856009106,0.09856834866139276,5.949669277790034,0.7900885345646342,8
6595e3b4dc9090390e4edb5f,0.3446686402935921,0.18641313416669278,5.6708531381891,0.8039175751534692,18
