Subject,Semantic_Similarity_mean,Semantic_Similarity_std,Frequency_Value_mean,Frequency_Value_std,#_of_Items
547183,0.37780796698323527,0.16895288844856535,5.733819347285714,0.6560971480105879,35
610108,0.4491270560095922,0.13221781502106741,6.054098522764706,0.8276273346512787,51
787646,0.4224520000156352,0.09854567274322233,6.177434229088235,0.6563989535855366,34
898793,0.3309512770799695,0.15290724559642765,5.852123379629033,0.9180275152187611,62
920371,0.4069597846430725,0.16851551995824754,5.830895660433333,0.7076442059109775,30
