Subject,Semantic_Similarity_mean,Semantic_Similarity_std,Frequency_Value_mean,Frequency_Value_std,#_of_Items
4144,0.4581031484362573,0.25605106325255517,6.488691718739135,0.8507273751150107,15
395439,0.31797935852400405,0.08496529766439898,6.584670791469807,0.7781886415460219,32
538590,0.36925956757448974,0.07539161400538105,6.777265271107336,0.7079932507538325,8
910517,0.2917162754464134,0.09799824938524848,6.421762380597783,1.1999783765579812,15
929641,0.40079801849039104,0.16309704439438244,6.613874785693766,0.9033666491206747,36
