Subject,Semantic_Similarity_mean,Semantic_Similarity_std,Frequency_Value_mean,Frequency_Value_std,#_of_Items
61035836646fb6ee2152f950,0.4444034470474973,0.032823127954693096,5.644381763540767,1.0958392663034706,3
65512e3cc12f463bc327b7c3,0.34139408375187424,0.07674566339613989,5.499126039347845,0.5124321391188288,4
65778c02cde55736bb830eca,0.4707784393032667,0.11341094702256284,4.9972250474939415,0.5201285218273357,5
6595e3b4dc9090390e4edb5f,0.3634783287023312,0.05511403101198669,5.842912816645161,0.9361219730299368,9
