Subject,Semantic_Similarity_mean,Semantic_Similarity_std,Frequency_Value_mean,Frequency_Value_std,#_of_Items
547183,0.39737919270134464,0.1114935310614516,7.318341628452763,0.7641768910573419,27
610108,0.4839185777101743,0.16318704682560103,7.291027299600411,0.8588853607665377,41
787646,0.4673495453417169,0.10618702456080212,7.227612298600423,0.8112601187889213,25
898793,0.3912809843877592,0.1475313567809336,7.462664796052499,0.7949255268961671,65
920371,0.3788335886360185,0.12360213659891789,7.283402839575978,0.7976044432356916,24
