Subject,Semantic_Similarity_mean,Semantic_Similarity_std,Frequency_Value_mean,Frequency_Value_std,#_of_Items
61035836646fb6ee2152f950,0.32863799434946234,0.10095901757829473,6.3007747003313925,1.0563347055914305,21
65512e3cc12f463bc327b7c3,0.3269607763182175,0.12647724883777686,6.756269528378804,0.5557439071722364,15
65778c02cde55736bb830eca,0.3290798308740428,0.19918656633812584,6.343756152815291,0.7651350374000134,19
6595e3b4dc9090390e4edb5f,0.35352665999176075,0.18621964804473184,6.389009800691425,0.6642613844342821,29
