Subject,Semantic_Similarity_mean,Semantic_Similarity_std,Frequency_Value_mean,Frequency_Value_std,#_of_Items
547183,0.3376905004352457,0.13775704130209776,6.470167225258618,1.3274186239641264,16
610108,0.31577072093237996,0.07382995763315106,6.405689884501764,1.1504527800330886,13
787646,0.37290446435475494,0.1490268229056277,6.866198351744252,1.1873485729369377,12
898793,0.35866126189006425,0.1679202128241909,6.683213319402165,1.0539171143589554,34
920371,0.2839217515970459,0.17893996762020345,6.549042420314075,1.0268066028975351,9
