Subject,Semantic_Similarity_mean,Semantic_Similarity_std,Frequency_Value_mean,Frequency_Value_std,#_of_Items
61035836646fb6ee2152f950,0.27580510710733125,0.0584729362801428,6.211067047793853,0.9021625804253045,10
65512e3cc12f463bc327b7c3,0.2975147616930398,0.09642812383860996,6.378686630946822,0.6578498956471436,15
65778c02cde55736bb830eca,0.30055337527888215,0.16216075904572033,6.262735208055881,1.0899801827637694,8
6595e3b4dc9090390e4edb5f,0.29243607922280374,0.1309337514324861,6.241737277640728,0.767196127366789,21
