Subject,Semantic_Similarity_mean,Semantic_Similarity_std,Frequency_Value_mean,Frequency_Value_std,#_of_Items
547183,0.33085102964694196,0.2545449115394984,6.950831985437337,1.049886189175153,35
610108,0.33873328959533117,0.26261989593753127,7.3806590017429,0.7533924707688004,26
787646,0.29455209622085804,0.1370399946094388,7.166732238082247,0.7866444482907926,18
898793,0.30907554327256936,0.14495722398971556,7.196263361296135,0.6197760760373083,28
920371,0.2848979817372063,0.171427417003614,7.199658996187211,0.8520390845721236,27
