Subject,Semantic_Similarity_mean,Semantic_Similarity_std,Frequency_Value_mean,Frequency_Value_std,#_of_Items
547183,0.24824889137236475,0.07145715861533417,6.460094454802736,0.9203206510267198,14
610108,0.3418946929358156,0.18609180459072866,6.223743391494992,0.9596999613631159,22
787646,0.381005084501595,0.10656560808398852,6.601072264253556,0.6961730526269173,16
898793,0.3666012048651505,0.17325122079958918,5.560667022847505,1.5500179135510503,33
920371,0.2637984824865445,0.08750733548290301,6.123273909083168,0.915439708074531,17
