Subject,Semantic_Similarity_mean,Semantic_Similarity_std,Frequency_Value_mean,Frequency_Value_std,#_of_Items
61035836646fb6ee2152f950,0.2153298416892106,0.11853755872945557,6.970735584714803,0.6814754100498744,11
65512e3cc12f463bc327b7c3,0.27051090267741845,0.3366068066816799,6.410362369537871,1.2126944995370967,8
65778c02cde55736bb830eca,0.21879889358791196,0.11748983270922779,6.476731533700236,1.0150597196977449,4
6595e3b4dc9090390e4edb5f,0.20071021808135486,0.09591286504150862,6.57109726910281,0.9693511322228996,14
