Subject,Semantic_Similarity_mean,Semantic_Similarity_std,Frequency_Value_mean,Frequency_Value_std,#_of_Items
4144,0.3865761780005471,0.12982658409338124,6.192280576753707,1.1697255675770764,14
395439,0.33351244430988874,0.08669950393479137,6.259073078976376,1.0331457444686483,14
538590,0.41962680131847385,0.13746041436579096,6.541588155418247,0.7532422192758703,14
910517,0.3372625228869594,0.0886870136125612,6.152520004147015,0.7779986765606816,24
929641,0.41261919346269443,0.1797768211987968,6.161172075400617,0.894554238629208,17
