Subject,Semantic_Similarity_mean,Semantic_Similarity_std,Frequency_Value_mean,Frequency_Value_std,#_of_Items
4144,0.4947884716579593,0.2876090468130082,6.379431757545717,0.9853767310770511,6
395439,0.39623523553231793,0.3023892858754186,5.515479305272712,0.9744762416080197,7
538590,0.31808302683648987,0.1464627561185117,6.184263293835106,0.8070103185719671,7
910517,0.42886187940045484,0.30903680146063317,6.052582203438566,0.9489525199649799,34
929641,0.44171556667390477,0.2826004539615359,6.359118887334756,0.6909651050704521,12
