Subject,Semantic_Similarity_mean,Semantic_Similarity_std,Frequency_Value_mean,Frequency_Value_std,#_of_Items
61035836646fb6ee2152f950,0.4449725289329992,0.1997784421326494,6.590459586320547,1.4569273431826362,17
65512e3cc12f463bc327b7c3,0.4025062131809112,0.13613610978977347,7.001071398602323,1.280835381254089,17
65778c02cde55736bb830eca,0.4693206261021388,0.17646957840040828,6.718434896268562,1.6431449215969933,17
6595e3b4dc9090390e4edb5f,0.36292947317931457,0.16509494081916937,6.700457055806753,1.4478039591066212,21
