Subject,Semantic_Similarity_mean,Semantic_Similarity_std,Frequency_Value_mean,Frequency_Value_std,#_of_Items
4144,0.5027110143485694,0.46722669019944363,6.032425251212501,1.053145936272441,8
395439,0.11014756050731139,0.04647877546850637,7.093945114287851,1.016328327635962,12
538590,,,7.764475438273508,,1
910517,0.26646023593705515,0.08091374259171483,6.2781908326706635,1.3039488386154823,12
929641,0.1818090534113143,0.07486758056492006,7.115986274299266,0.5287587298688815,7
