Subject,Semantic_Similarity_mean,Semantic_Similarity_std,Frequency_Value_mean,Frequency_Value_std,#_of_Items
547183,0.19804698172421822,0.06830498309979914,7.110156592114541,0.637055493877578,11
610108,0.19454927256909227,0.026977825504981793,7.61772157221167,0.2420457614120121,5
787646,0.16634776682657193,,7.428113969691351,0.738090967116036,2
898793,0.25868437818006274,0.07409204148110406,6.97539389559399,0.6940452731467328,12
920371,0.22867433839401627,0.12524975733328456,7.150325876977793,0.6336851003452278,5
