Subject,Semantic_Similarity_mean,Semantic_Similarity_std,Frequency_Value_mean,Frequency_Value_std,#_of_Items
4144,0.3889826625486356,0.18033581849842129,6.32901373989611,1.1282489842654302,68
395439,0.3066441458263504,0.1176570417788567,6.931383489505424,0.56198288549673,25
538590,0.3280286527989991,0.15767828802982015,6.720288579520682,0.9256841237782041,27
910517,0.3199262853195727,0.19675895408764255,6.641201325049606,0.6488689992496041,39
929641,0.3104433435237587,0.15256247031249218,6.4506044162381215,0.8641981500479582,38
