Subject,Semantic_Similarity_mean,Semantic_Similarity_std,Frequency_Value_mean,Frequency_Value_std,#_of_Items
547183,0.5295794927517445,0.28378125076918836,6.692031899595077,0.7672926838442485,12
610108,0.36377088935831525,0.18232274980914423,6.574494957464613,0.786777986727641,6
787646,0.2678523383577654,0.19280605932011197,6.259753978931571,1.057157582506839,7
898793,0.3749694068020009,0.18514015207806309,6.079872564048327,0.8623294372434974,8
920371,0.25574878038273763,0.14451457243525553,6.23683038230696,0.8738898193859844,9
