Subject,Semantic_Similarity_mean,Semantic_Similarity_std,Frequency_Value_mean,Frequency_Value_std,#_of_Items
61035836646fb6ee2152f950,0.3164896090848237,0.09637237832741173,6.326910314378151,1.0968916494762475,22
65512e3cc12f463bc327b7c3,0.3269607763182175,0.12647724883777686,6.756269528378804,0.5557439071722364,15
65778c02cde55736bb830eca,0.3172675753929262,0.19812774235176575,6.412812315910321,0.7620147901875901,21
6595e3b4dc9090390e4edb5f,0.38172873541997787,0.18907745068990978,6.5083063593212565,0.6177166136619732,24
