Subject,Semantic_Similarity_mean,Semantic_Similarity_std,Frequency_Value_mean,Frequency_Value_std,#_of_Items
61035836646fb6ee2152f950,0.38084617348185046,0.18466077493168004,6.75983553001501,0.8362447015670826,21
65512e3cc12f463bc327b7c3,0.2935247773945556,0.05143833291668628,7.06319006913139,0.7479993897610568,14
65778c02cde55736bb830eca,0.3034742432494423,0.08710672199472715,6.57686863547293,1.126424393934427,22
6595e3b4dc9090390e4edb5f,0.3345205746363881,0.09864598494331045,6.714910646058471,1.0783004653797896,19
