Subject,Semantic_Similarity_mean,Semantic_Similarity_std,Frequency_Value_mean,Frequency_Value_std,#_of_Items
4144,0.40496490331145696,0.20134681346509523,6.619379850874788,1.4463502571156184,16
395439,0.3179768348671139,0.07740896854143622,7.010369165452375,1.3062983994463822,6
538590,0.4271062743491684,0.2272956356894776,6.904631143571609,1.566984335823088,16
910517,0.44682338683394573,0.2462058959986401,6.790215290093144,1.7005966009280504,34
929641,0.39970092729489376,0.1730837586736157,6.704274410323378,1.857630679993858,24
