Subject,Semantic_Similarity_mean,Semantic_Similarity_std,Frequency_Value_mean,Frequency_Value_std,#_of_Items
4144,0.4638183258688621,0.30948288152945114,6.706297926639604,0.5797762813726071,16
395439,0.35429007907783455,0.17921631918535075,6.436695616984894,1.0036425031747704,20
538590,0.39868347102852997,0.17433833461599935,6.043836385202668,0.9550293899849619,34
910517,0.3119333795121472,0.13483082003162067,6.156395133247699,0.971800792235358,28
929641,0.36262088562913364,0.13660536960290262,6.579118048387079,0.8441049567283047,15
