Subject,Semantic_Similarity_mean,Semantic_Similarity_std,Frequency_Value_mean,Frequency_Value_std,#_of_Items
61035836646fb6ee2152f950,0.35841327544024915,0.1579353827094255,7.518405755406888,0.4737406561924277,23
65512e3cc12f463bc327b7c3,0.363148766801642,0.1024961787341466,7.477735197565565,0.653412054819986,22
65778c02cde55736bb830eca,0.3261197452839745,0.0995669897985705,7.4609270115707345,0.6404984501802387,28
6595e3b4dc9090390e4edb5f,0.31578354802472985,0.10089935783093051,7.5319605658993884,0.44639369785096933,25
