Subject,Semantic_Similarity_mean,Semantic_Similarity_std,Frequency_Value_mean,Frequency_Value_std,#_of_Items
61035836646fb6ee2152f950,0.4219254920433182,0.17400088001668754,6.306579759131028,1.1092939122633376,17
65512e3cc12f463bc327b7c3,0.38242255032558625,0.10789567167672949,6.774153447279636,1.3328047261522507,16
65778c02cde55736bb830eca,0.4033871659646353,0.09944698298320019,5.366023763469234,1.029309276245116,13
6595e3b4dc9090390e4edb5f,0.2759179209220828,0.08899092873317967,6.055991477320786,1.2976092996537487,20
