Subject,Semantic_Similarity_mean,Semantic_Similarity_std,Frequency_Value_mean,Frequency_Value_std,#_of_Items
4144,0.2843914824723286,0.15840522410623115,7.309467515849063,0.5623209818558177,18
395439,0.3040560413698123,0.13699240410515107,6.751252472443219,0.4808254646725757,14
538590,0.22850104278405048,0.11239111589715488,7.3546328059227495,0.6466938248285266,36
910517,0.2656173127751209,0.19156984899373428,7.357738496205037,0.7241981244974157,23
929641,0.2570831116116437,0.13047113633582375,7.269133083587114,0.7461176448915505,20
