Subject,Semantic_Similarity_mean,Semantic_Similarity_std,Frequency_Value_mean,Frequency_Value_std,#_of_Items
61035836646fb6ee2152f950,0.2720551481984321,0.10357591025155327,7.220915687640694,0.7145626440905161,13
65512e3cc12f463bc327b7c3,0.2247613671758095,0.12337359553881624,7.077643901632617,1.6656230752739856,12
65778c02cde55736bb830eca,0.2608523729156222,0.12483854935964638,7.45151793773809,0.8317768774950023,23
6595e3b4dc9090390e4edb5f,0.2838171756975518,0.1460873988040369,7.383070063713268,0.7499608493932068,13
