Subject,Semantic_Similarity_mean,Semantic_Similarity_std,Frequency_Value_mean,Frequency_Value_std,#_of_Items
4144,0.25730783489256576,0.0817617956075429,6.482161842256033,0.48111274918529456,3
395439,0.20249840069721,0.03479776384948688,5.8792340775801915,0.9790224356471867,4
538590,0.6213396986743033,0.5355065336670832,6.6336762571157095,0.5552637813448241,3
910517,0.4965876793387608,0.39954695073483126,6.459329995759809,0.41554084201732094,12
929641,0.21165704546598346,0.13586364929595818,5.332796207739023,1.4043240955056464,3
