Subject,Semantic_Similarity_mean,Semantic_Similarity_std,Frequency_Value_mean,Frequency_Value_std,#_of_Items
547183,0.31573890533301796,0.10895724605789012,6.482463873835894,0.8727132040090679,15
610108,0.2952594397322991,0.19355507653898502,6.438798108854361,0.7509954990393708,20
787646,0.3325239449537853,0.09405255883788224,6.511076972436783,0.6493397088375444,11
898793,0.2991887906681463,0.18293705538238147,5.500844170952901,1.5140214362184807,26
920371,0.27589851450918335,0.11505100044723308,6.493135774528544,0.6345193936381981,14
