Subject,Semantic_Similarity_mean,Semantic_Similarity_std,Frequency_Value_mean,Frequency_Value_std,#_of_Items
61035836646fb6ee2152f950,0.3541716253532935,0.15351803244574014,6.642488745265282,0.605748230429929,15
65512e3cc12f463bc327b7c3,0.3187801443763953,0.08703133589918106,6.766534319544377,0.746105511595908,19
65778c02cde55736bb830eca,0.26349721354160693,0.06574429724000894,6.365029376648553,0.7758886268686082,19
6595e3b4dc9090390e4edb5f,0.2979433666731589,0.1241178018809056,6.585537943607581,0.8186361622377286,31
