Subject,Semantic_Similarity_mean,Semantic_Similarity_std,Frequency_Value_mean,Frequency_Value_std,#_of_Items
61035836646fb6ee2152f950,0.41298838805993543,0.1093961761826176,6.02701233951606,0.8662315061303333,12
65512e3cc12f463bc327b7c3,0.34841455404973876,0.0921547311834433,5.943269350705086,1.4164513687721667,12
65778c02cde55736bb830eca,0.37200471870536267,0.215643805517617,6.175343553204679,0.7950284112102805,15
6595e3b4dc9090390e4edb5f,0.424574339927761,0.16752544141098158,6.03757938954231,0.8608138694441662,22
