Subject,Semantic_Similarity_mean,Semantic_Similarity_std,Frequency_Value_mean,Frequency_Value_std,#_of_Items
61035836646fb6ee2152f950,,,6.903124729160828,,1
65512e3cc12f463bc327b7c3,0.5224067128266513,0.32615192534635423,5.346913509709291,0.5562205597539629,5
65778c02cde55736bb830eca,0.5816484397069381,0.254072712652518,5.6108983051863985,1.1018743210215458,6
6595e3b4dc9090390e4edb5f,0.3294455393177061,0.09285325450412492,5.7656394683856105,0.9803392462896305,8
