Subject,Semantic_Similarity_mean,Semantic_Similarity_std,Frequency_Value_mean,Frequency_Value_std,#_of_Items
547183,0.2588811902728608,0.08135537108055522,7.147677283441601,0.9734584830817533,4
610108,0.3432897481084664,0.21578151688193847,6.08751630731275,1.2854128479980125,16
787646,0.31500073473420964,0.15704286893181274,6.589944455509779,1.0898061292261956,7
898793,0.3373763596144632,0.1637662657043577,6.47621015310954,0.9705109569680526,14
920371,0.33188696666633477,0.25361095377206955,6.413414472291884,1.7354735012412832,12
