Subject,Semantic_Similarity_mean,Semantic_Similarity_std,Frequency_Value_mean,Frequency_Value_std,#_of_Items
4144,0.32241196925502735,0.24116640225672517,6.110931951868397,1.3092490925621967,12
395439,0.26557302997541454,0.2630449545601844,5.429482823743637,1.3122116300058868,12
538590,0.30007708071092715,0.09860265966365228,6.172561425274087,0.9474904570094925,12
910517,0.4101195782194769,0.13672810602170807,6.3636574177510665,0.9109998720589413,15
929641,0.24701304792799128,0.05211966095320964,5.810792015725929,1.069941716853974,22
