Subject,Semantic_Similarity_mean,Semantic_Similarity_std,Frequency_Value_mean,Frequency_Value_std,#_of_Items
61035836646fb6ee2152f950,0.3161677138402601,0.17332656681253134,5.125267886884388,1.942680449517673,6
65512e3cc12f463bc327b7c3,0.25236530073339974,0.06447705950715693,4.602063947992827,1.275755222831974,4
65778c02cde55736bb830eca,0.31623543406863436,0.03243710140630336,4.129646348586438,1.1209774522393308,5
6595e3b4dc9090390e4edb5f,0.2494236485580761,0.11782460806757929,5.1835059932327,1.421065279254824,8
