Subject,Semantic_Similarity_mean,Semantic_Similarity_std,Frequency_Value_mean,Frequency_Value_std,#_of_Items
61035836646fb6ee2152f950,0.44625294273818567,0.10853360785967811,6.063668175592088,0.9351766357132246,15
65512e3cc12f463bc327b7c3,0.36867528672361494,0.10091139923033818,5.684750053853808,1.4238661758363271,13
65778c02cde55736bb830eca,0.37871796444055417,0.1596487048393687,5.8057778229570545,0.8460304271399196,14
6595e3b4dc9090390e4edb5f,0.419763270590635,0.14290798047592942,5.927824866308674,0.8421661428999362,29
