Subject,Semantic_Similarity_mean,Semantic_Similarity_std,Frequency_Value_mean,Frequency_Value_std,#_of_Items
4144,0.4361589018903645,0.26530839758624447,6.021338653093429,1.0731972934344236,9
538590,0.4356034014581719,0.011885019445369627,5.468223231184899,1.035066721851471,8
910517,0.5153809056553204,0.2654018401302013,5.673768925426818,1.3314490777104948,7
929641,0.41014894146263065,0.1155637558909247,5.6419510173930325,1.0676514643186892,4
