Subject,Semantic_Similarity_mean,Semantic_Similarity_std,Frequency_Value_mean,Frequency_Value_std,#_of_Items
61035836646fb6ee2152f950,0.27919154571068583,0.23989830032255316,6.848143386824979,0.7029511622069166,9
65512e3cc12f463bc327b7c3,0.32013099225739355,0.32474175904910974,6.316339065855132,1.437859473419709,10
65778c02cde55736bb830eca,0.21879889358791196,0.11748983270922779,6.476731533700236,1.0150597196977449,4
6595e3b4dc9090390e4edb5f,0.3249521512060652,0.2599930168037414,6.532179419506304,1.2943802581099344,12
