Subject,Semantic_Similarity_mean,Semantic_Similarity_std,Frequency_Value_mean,Frequency_Value_std,#_of_Items
61035836646fb6ee2152f950,0.35329373855099355,0.2455743036844229,6.626612196591394,1.1450296177936548,24
65512e3cc12f463bc327b7c3,0.42214428580106095,0.27893245504102787,6.766701053697317,1.0893677856542896,13
65778c02cde55736bb830eca,0.3381168259589124,0.18282113974784853,6.964039672753206,0.737689865845461,21
6595e3b4dc9090390e4edb5f,0.3025495470523728,0.16218480069021274,6.63101521707775,1.342343364660328,17
